Metric,Value
准确率,0.7958188153310104
精确率,0.7941400032958825
召回率,0.7932945913867192
F1分数,0.7936630378059443
