Metric,Value
准确率,0.7919860627177701
精确率,0.7951637869160285
召回率,0.7924597290698818
F1分数,0.7930511493875403
