Metric,Value
准确率,0.7021630615640599
精确率,0.7002151009409838
召回率,0.6990617238075276
F1分数,0.6991107176865088
